{"k_values": [2, 3, 4, 5, 6, 7, 8, 9, 10, 11, 12, 13, 14, 15, 16, 17, 18, 19, 20, 21, 22, 23, 24, 25, 26, 27, 28, 29, 30], "scores": [0.002718966823720838, 0.0037750135771912694, 0.004266328276002925, 0.004998236600413442, 0.005436486312225243, 0.006335464389279008, 0.006643608119187581, 0.007790833535775947, 0.008181848794788464, 0.008555684450500228, 0.008680889245381575, 0.009089038857941415, 0.009933660050483028, 0.00970793139576279, 0.009723422320815876, 0.010259619644456744, 0.01095799134337324, 0.010943410084234816, 0.011124719006419679, 0.012299616216565763, 0.012035450660505027, 0.011824839505952442, 0.012897147852194311, 0.012220278438774426, 0.013596681954548516, 0.013328017286894166, 0.013559726166703923, 0.014687111794749061, 0.014177608160061167]}