{"k_values": [2, 3, 4, 5, 6, 7, 8, 9, 10, 11, 12, 13, 14, 15, 16, 17, 18, 19, 20, 21, 22, 23, 24, 25, 26, 27, 28, 29, 30], "scores": [0.0026451791461814447, 0.003311546629641591, 0.004250784488999713, 0.0049189649930606195, 0.005885855622106483, 0.0052787906874378464, 0.006314608993076528, 0.0063247134042727785, 0.006310296482007987, 0.007895904469779443, 0.007858624172394139, 0.008642201006610888, 0.008218003212316326, 0.008899447701533766, 0.008997158996430178, 0.009509795432846592, 0.008957942376005687, 0.010074141839358449, 0.010529754158195619, 0.010808388220313277, 0.010994952169595075, 0.011242548906758998, 0.01156596233000446, 0.011221007916112406, 0.012213172078644806, 0.012442974061628392, 0.012466018323491833, 0.01257091028127517, 0.01279344069816852]}