{"k_values": [2, 3, 4, 5, 6, 7, 8, 9, 10, 11, 12, 13, 14, 15], "scores": [0.05575142800807953, 0.05359910428524017, 0.05518702417612076, 0.05271906778216362, 0.054927293211221695, 0.051491014659404755, 0.05211015045642853, 0.05333907529711723, 0.053127117455005646, 0.05432815104722977, 0.053152211010456085, 0.054219383746385574, 0.05425363779067993, 0.05399629473686218]}